{
  "A-A": 1.0,
  "A-B": 0.0375,
  "B-A": 0.0375,
  "A-C": 0.3,
  "C-A": 0.3,
  "A-D": 1.0,
  "D-A": 1.0,
  "A-E": 0.7041451884327381,
  "E-A": 0.7041451884327381,
  "B-B": 1.0,
  "B-C": 0.3,
  "C-B": 0.3,
  "B-D": 0.0375,
  "D-B": 0.0375,
  "B-E": 0.44164518843273803,
  "E-B": 0.44164518843273803,
  "C-C": 1.0,
  "C-D": 0.3,
  "D-C": 0.3,
  "C-E": 0.40414518843273806,
  "E-C": 0.40414518843273806,
  "D-D": 1.0,
  "D-E": 0.7041451884327381,
  "E-D": 0.7041451884327381,
  "E-E": 1.0
}