{
  "round": 1,
  "results": {
    "A": {
      "auroc": 0.72,
      "samples": 17418
    },
    "B": {
      "auroc": 0.96,
      "samples": 800
    },
    "C": {
      "auroc": 0.65,
      "samples": 160
    },
    "D": {
      "auroc": 0.68,
      "samples": 2400
    },
    "E": {
      "auroc": 0.75,
      "samples": 2400
    }
  },
  "weights": {
    "A": 0.5875276738474997,
    "B": 0.5837307763585016,
    "C": 0.28817455904035505,
    "D": 0.35954506965386795,
    "E": 0.42491595878632327
  },
  "normalized_weights": {
    "A": 0.261833965410078,
    "B": 0.2601418634546252,
    "C": 0.12842609953964793,
    "D": 0.16023264183390698,
    "E": 0.18936542976174184
  },
  "total_samples": 23178
}